{
  "title":"6-854jf05.jpg",
  "description": "The adaptive mesh refinement algorithm technique, shown above, is used to break complex computing problems into smaller pieces. (Image courtesy of Ernest Orlando Lawrence Berkeley National Laboratory.)",
  "file": "/courses/6-854j-advanced-algorithms-fall-2005/696395782d4185f0bbc9781d0ca36b93_6-854jf05.jpg",
  "learning_resource_types": [],
  "resource_type": "Image",
  "file_type": "image/jpeg",
  "image_metadata": {"caption":"The adaptive mesh refinement algorithm technique, shown above, is used to break complex computing problems into smaller pieces. (Image courtesy of [Ernest Orlando Lawrence Berkeley National Laboratory](http://www.lbl.gov/Science-Articles/Research-Review/Highlights/1998/v3/TOC.html).)","credit":"","image-alt":"Adaptive mesh refinement algorithm technique."}}
